"occurrence_no","record_type","reid_no","flags","collection_no","identified_name","identified_rank","identified_no","difference","accepted_name","accepted_attr","accepted_rank","accepted_no","early_interval","late_interval","max_ma","min_ma","ref_author","ref_pubyr","reference_no","phylum","class","order","family","genus","plant_organ","plant_organ2","abund_value","abund_unit","lng","lat","occurrence_comments","collection_name","collection_subset","collection_aka","cc","state","county","latlng_basis","latlng_precision","geogscale","geogcomments","paleomodel","geoplate","paleoage","paleolng","paleolat","paleomodel2","geoplate2","paleoage2","paleolng2","paleolat2","paleomodel3","geoplate3","paleoage3","paleolng3","paleolat3","cc","protected","formation","stratgroup","member","stratscale","zone","localsection","localbed","localbedunit","localorder","regionalsection","regionalbed","regionalbedunit","regionalorder","stratcomments","lithdescript","lithology1","lithadj1","lithification1","minor_lithology1","fossilsfrom1","lithology2","lithadj2","lithification2","minor_lithology2","fossilsfrom2","environment","tectonic_setting","geology_comments","assembl_comps","articulated_parts","associated_parts","common_body_parts","rare_body_parts","feed_pred_traces","artifacts","component_comments","pres_mode","preservation_quality","spatial_resolution","temporal_resolution","lagerstatten","concentration","orientation","abund_in_sediment","sorting","fragmentation","bioerosion","encrustation","preservation_comments","collection_type","collection_methods","museum","collection_coverage","collection_size","rock_censused","collectors","collection_dates","collection_comments","taxonomy_comments","taxon_environment","environment_basis","motility","life_habit","vision","diet","reproduction","ontogeny","ecospace_comments","composition","architecture","thickness","reinforcement"
"41524","occ","","","3257","Aves indet.","class","36616","","Aves","","class","36616","Early Eocene","Middle Eocene","55.8","37.2","Bone et al.","1991","149","Chordata","Aves","","","","","","","","-1.166667","51.083332","limb bone","M27 Motorway","","","UK","England","Hampshire","based on political unit","minutes","small collection","at Dummer's Copse between Allington Lane and Quob Lane","gplates","315","mid","5.97","43.28","scotese","315","mid","-3.87","47.48","seton","331","mid","-6.77","47.24","UK","","","Bracklesham","","group of beds","","M27 Motorway","DC6ii  7","","","","","","","","","sandstone","","","","","","","","","","","","","","","","","","","","","","","","","","","","","","","","","","biostratigraphic","","","","","","","","","","terrestrial","","actively mobile","","","carnivore","oviparous, dispersal=direct/internal,mobile","accretion,modification of parts","","hydroxyapatite","compact or dense","",""
"41580","occ","","","3256","Aves indet.","class","36616","","Aves","","class","36616","Early Eocene","Middle Eocene","55.8","37.2","Bone et al.","1991","149","Chordata","Aves","","","","","","","","-1.166667","51.083332","limb bone","M27 Motorway","","","UK","England","Hampshire","based on political unit","minutes","small collection","at Dummer's Copse, between Allington Lane and Quob Lane","gplates","315","mid","5.97","43.28","scotese","315","mid","-3.87","47.48","seton","331","mid","-6.77","47.24","UK","","","Bracklesham","","bed","","M27 Motorway","DC5iii","","","","","","","","","sandstone","","","","","","","","","","","","","","","","","","","","","","","","","","","","","","","","","","biostratigraphic","","","","","","","","","","terrestrial","","actively mobile","","","carnivore","oviparous, dispersal=direct/internal,mobile","accretion,modification of parts","","hydroxyapatite","compact or dense","",""
"130209","occ","","","10755","n. gen. Chaoyangosaurus n. sp. liaosiensis","species","65704","replaced by","Chaoyangsaurus youngi","","species","55580","Late Kimmeridgian","Valanginian","155.7","132.9","Dong","1992","13360","Chordata","Ornithischia","NO_ORDER_SPECIFIED","Chaoyangsauridae","Chaoyangsaurus","","","1","specimens","123.966698","42.933300","","Ershijiazi, Chaoyang","","Chaoyangsaurus type","CN","Liaoning","Chaoyang","stated in text","4","small collection","Chaoyang area of Liaoning Province, NE China","gplates","604","mid","127.48","50.66","scotese","604","mid","125.85","43.99","seton","601","mid","129.76","60.66","CN","","Tuchengzi","","","group of beds","","","","","","","","","","possibly late Middle Jurassic based on conchostracans correlated with Bathonian non-marine conchostracans from northwest Scotland\r\nformation ""attains a thickness of approximately 876-2,908 m.""","purple-grey sediments representing a river-facies","mudstone","gray,blue","","","Y","","","","","","fluvial indet.","","","macrofossils,mesofossils","","","","","","","","body","good","","","","","","","","","","","dinosaur elements thought to represent a single individual","taxonomic","selective quarrying,mechanical,field collection","","some macrofossils","","","","","","conchostracan genera listed without species","terrestrial","","actively mobile","ground dwelling","","herbivore","oviparous, dispersal=direct/internal,mobile","accretion,modification of parts","","hydroxyapatite","compact or dense","",""
"130294","occ","","","10764","n. gen. Protarchaeopteryx n. sp. robusta","species","66068","","Protarchaeopteryx robusta","","species","66068","Late Barremian","Early Aptian","130","122.46","Ji et al.","1998","4006","Chordata","Saurischia","NO_ORDER_SPECIFIED","NO_FAMILY_SPECIFIED","Protarchaeopteryx","","","1","specimens","120.733330","41.799999","GMV/NGMC 2125","Sihetun, Yixian Member 3 (general)","","","CN","Liaoning","","based on political unit","seconds","local area","Sihetun area near Beipiao city","gplates","604","mid","129.23","41.69","scotese","604","mid","122.10","43.35","seton","601","mid","132.35","56.82","CN","","Yixian","Jehol","Jianshangou","bed","","","","","","","","","","authors use ""Jiulongsong Member"" of ""Chaomidianzi Formation"", but this is lower part of Yixian","","siltstone","","","","Y","","","","","","lacustrine indet.","","","macrofossils","","","","","","","","body,adpression,soft parts","excellent","","","conservation","","","","","","","","","biostratigraphic","field collection","","","3 individuals","","","","","","terrestrial","","actively mobile","ground dwelling, depth=surface","","omnivore","oviparous, dispersal=direct/internal,mobile","accretion,modification of parts","","hydroxyapatite","compact or dense","intermediate",""
"130295","occ","","","10764","n. gen. Caudipteryx n. sp. zoui","species","66066","","Caudipteryx zoui","","species","66066","Late Barremian","Early Aptian","130","122.46","Ji and Ji","1997","19421","Chordata","Saurischia","NO_ORDER_SPECIFIED","NO_FAMILY_SPECIFIED","Caudipteryx","","","2","specimens","120.733330","41.799999","NGMC 97-4-A","Sihetun, Yixian Member 3 (general)","","","CN","Liaoning","","based on political unit","seconds","local area","Sihetun area near Beipiao city","gplates","604","mid","129.23","41.69","scotese","604","mid","122.10","43.35","seton","601","mid","132.35","56.82","CN","","Yixian","Jehol","Jianshangou","bed","","","","","","","","","","authors use ""Jiulongsong Member"" of ""Chaomidianzi Formation"", but this is lower part of Yixian","","siltstone","","","","Y","","","","","","lacustrine indet.","","","macrofossils","","","","","","","","body,adpression,soft parts","excellent","","","conservation","","","","","","","","","biostratigraphic","field collection","","","3 individuals","","","","","","terrestrial","","actively mobile","ground dwelling, depth=surface","","omnivore","oviparous, dispersal=direct/internal,mobile","accretion,modification of parts","","hydroxyapatite","compact or dense","intermediate",""
"137486","occ","","","11582","Theropoda indet.","unranked clade","94209","","Theropoda","","unranked clade","38513","Middle Campanian","Late Campanian","83.5","70.6","Gradzinski et al.","1977","59136","Chordata","Saurischia","","","","","","","","99.599998","43.299999","'dinosaurs'","Khermeen Tsav, Red Beds (PIN coll. 3142) [SMPE]","","Khermin Tsav; Khermin-Tsab; Hermiin Tsav, Soviet-Mongolian Paleontological Expedition","MN","Omnogov","","estimated from map","1","outcrop","An apparently vague locality definition, that might also include the site referred to as 'Khermeen-Tsav 2' and the surrounding area.","gplates","628","mid","95.39","37.54","scotese","628","mid","90.01","39.30","seton","417","mid","99.43","46.56","MN","","Baruungoyot","","","group of beds","","","","","","","","","","Red Beds of Khermin Tsav","","not reported","","","","","","","","","","terrestrial indet.","","","macrofossils","","","","","","","","body","excellent","","","","","","","","","","","","taxonomic","surface (in situ),field collection","","some macrofossils","","","V. Reshetov, R. Barsbold","1972, 2008","A broad collection that might include the collection #1157, but necessary because of nomenclatural variation from authors to authors, and also because the stratigraphic position of Gobiates khermeentsavi in the locality section is unknown. Distinct from PMPE and other collections from the same general site. Collected via Joint Soviet-Mongolian Paleontological Expedition","","terrestrial","","actively mobile","ground dwelling, solitary","","carnivore","oviparous, dispersal=direct/internal,mobile","accretion,modification of parts","","hydroxyapatite","compact or dense","",""
"138867","occ","","","22634","Dinosauria indet.","unranked clade","52775","","Dinosauria","","unranked clade","52775","Berriasian","Aptian","145","113","Polcyn et al.","1999","4203","Chordata","Reptilia","","","","","","","","34.726665","30.538889","","Amphibian Hill","","ETE Locality 1508; Makhtesh Ramon","IL","Negev","","stated in text","seconds","small collection","southern Negev Desert, Ramon erosion cirque, about 80 km south of Beer-Sheba\r\ncoordinate stated by Nevo and Estes 1969, who say ""the main [outcrop, Amphibian Hill is] 2.5 m thick and 2.0 m long""","gplates","508","mid","40.40","0.64","scotese","508","mid","30.06","6.47","seton","508","mid","35.65","1.19","IL","","Hatira","","","group of beds","","","","","","","","","","ETE dating method: time_unit, ETE age comment: . radiometric intage_max, radiometric intage_min\r\n""pre-Albian, probably Neocomian"" (Nevo and Estes 1969)\r\nalso said to be from the Nubian Formation","ETE rock type adj: 0, ETE lithology comments: .\r\nfine-grained, laminated, lacustrine deposit associated with the Ramon basalt\r\nfossiliferous rock at main outcrop ""consists of several thousand fine, varve-like alternating dark limonitic and light silty laminations""\r\n","siltstone","planar lamination","","","","","","","","","lacustrine - small","","ETE sed env 1: lacustrine_sm, ETE sed env 2: . ETE event: airfall, ETE env comment: .\r\n""a small, shallow freshwater lake having an outlet"" (Nevo and Estes 1969)\r\n","macrofossils","","","","","","","","body,mold/impression,adpression","excellent","autochthonous","snapshot","concentrate","concentrated","","","","","","","ETE Abrasion: ., ETE Assemblage formation: mass_death, ETE transport: ., ETE weathering/trampling: ., ETE part concentration: ., ETE time represented: . ,ETE vert pres: ., ETE invert pres: ., ETE plant pres: .\r\n""specimens are preserved wholly or in part, either as limonitic petrified skeletons or as imprints in soft silty rock""\r\n","taxonomic","field collection","","","890 specimens","","","","ETE Size: .; ETE reference list: 478, ; ETE museum list: \r\n""some 900 adult frogs and 16 salamanders have been collected as well as two dinosaurian teeth and plant remains"" (Nevo and Estes 1969)\r\n","","terrestrial","","actively mobile","","","","","","","phosphatic","","",""
"139242","occ","24752","","11890","Gorgosaurus n. sp. sternbergi","species","63900","subjective synonym of","Gorgosaurus libratus","","species","53194","Late Campanian","","83.5","70.6","Matthew and Brown","1922","13165","Chordata","Saurischia","NO_ORDER_SPECIFIED","Tyrannosauridae","Gorgosaurus","","","1","specimens","-111.528732","50.740726","","RTMP Quarry 6, Sand Creek [AMNH]","","Sternberg Quarry 54","CA","Alberta","","estimated from map","6","local area","near Steveville, Alberta (now Dinosaur Provincial Park); Sand Creek; NW 1/4, sec 31, T20, R11, LSD 4.  Coordinates estimated from map in Sternberg 1950.","gplates","101","mid","-65.72","60.93","scotese","101","mid","-75.82","59.05","seton","101","mid","-79.36","55.78","CA","","Dinosaur Park","Belly River","","bed","","","","","","Dinosaur Park","4.135","m","bottom to top","originally assigned to the Oldman Fm.","","sandstone","","","","Y","","","","","","""channel""","","","macrofossils","many","","","","","","","body","good","","snapshot","","dispersed","","","","","","","","taxonomic","selective quarrying,mechanical,field collection","AMNH","","","","C. H. Sternberg","1917","","","terrestrial","","actively mobile","","","carnivore","oviparous, dispersal=direct/internal,mobile","accretion,modification of parts","","hydroxyapatite","compact or dense","",""
"139249","occ","","","11892","Hadrosauridae indet.","family","38755","","Hadrosauridae","","family","38755","Late Campanian","","83.5","70.6","Currie","2005","16964","Chordata","Ornithischia","NO_ORDER_SPECIFIED","Hadrosauridae","","","","1","specimens","-111.461914","50.753296","FMNH PR 1811","RTMP Quarry 95, Steveville (ROM)","","Sternberg Quarry 78","CA","Alberta","","estimated from map","6","small collection","SW 1/4, sec. 4, T20, R 11, W 4th meridian.  Coordinates estimated from map in Sternberg 1950.","gplates","101","mid","-65.63","60.92","scotese","101","mid","-75.73","59.04","seton","101","mid","-79.28","55.78","CA","","Dinosaur Park","Belly River","","bed","","","","","","","","","","","","not reported","","","","","","","","","","terrestrial indet.","","","macrofossils","","","","","","","","body","","","snapshot","","dispersed","","","","","","","","general faunal/floral","selective quarrying,mechanical,field collection","FMNH","","","","B. Brown?","","","","terrestrial","","actively mobile","","","herbivore","oviparous, dispersal=direct/internal,mobile","accretion,modification of parts","","hydroxyapatite","compact or dense","",""
"139250","occ","23301","","11893","Gorgosaurus libratus","species","53194","","Gorgosaurus libratus","","species","53194","Late Campanian","","83.5","70.6","Russell","1970","4205","Chordata","Saurischia","NO_ORDER_SPECIFIED","Tyrannosauridae","Gorgosaurus","","","1","specimens","-111.549347","50.737015","","RTMP Quarry 48, Steveville (UA)","","Sternberg Quarry 48, U.A.1","CA","Alberta","","stated in text","6","small collection","near Steveville, Alberta (now Dinosaur Provincial Park); NW 1/4, sec 36, T20, R12, W 4th meridian.","gplates","101","mid","-65.75","60.93","scotese","101","mid","-75.85","59.05","seton","101","mid","-79.38","55.77","CA","","Dinosaur Park","Belly River","","bed","","","","","","","","","","originally assigned to the Oldman Fm.","","sandstone","","","","Y","","","","","","""channel""","","","macrofossils","","","","","","","","body","","parautochthonous","snapshot","","dispersed","","","","","","","","paleoecologic","selective quarrying,mechanical,field collection","","","","","G. F. Sternberg","1921","","","terrestrial","","actively mobile","","","carnivore","oviparous, dispersal=direct/internal,mobile","accretion,modification of parts","","hydroxyapatite","compact or dense","",""
"139251","occ","","","11894","Centrosaurus apertus","species","63911","","Centrosaurus apertus","","species","63911","Late Campanian","","83.5","70.6","Currie","2005","16964","Chordata","Ornithischia","NO_ORDER_SPECIFIED","Ceratopsidae","Centrosaurus","","","1","individuals","-111.528931","50.737297","RTMP 94.164.1","RTMP Quarry 217","","","CA","Alberta","","stated in text","6","small collection","","gplates","101","mid","-65.72","60.93","scotese","101","mid","-75.82","59.04","seton","101","mid","-79.36","55.77","CA","","Dinosaur Park","Belly River","","bed","","","","","","Dinosaur Park","4.03","m","","","","not reported","","","","","","","","","","terrestrial indet.","","","macrofossils","","","","","","","","body","","","snapshot","","dispersed","","","","","","","","general faunal/floral","selective quarrying,mechanical,field collection","TMP","","","","Routley","1994","","","terrestrial","","actively mobile","","","herbivore","oviparous, dispersal=direct/internal,mobile","accretion,modification of parts","","hydroxyapatite","compact or dense","",""
"139252","occ","23302","","11895","Gorgosaurus libratus","species","53194","","Gorgosaurus libratus","","species","53194","Late Campanian","","83.5","70.6","Russell","1970","4205","Chordata","Saurischia","NO_ORDER_SPECIFIED","Tyrannosauridae","Gorgosaurus","","","1","individuals","-111.564636","50.723866","NMC 11593","RTMP Quarry 74, Steveville","","NMC, Sternberg Quarry 50, G.S.C.24","CA","Alberta","","stated in text","6","small collection","near Steveville, Alberta (now Dinosaur Provincial Park); NW 1/4, sec 26, T20, R12, LSD 4","gplates","101","mid","-65.78","60.93","scotese","101","mid","-75.87","59.04","seton","101","mid","-79.40","55.76","CA","","Dinosaur Park","Belly River","","bed","","","","","","","","","","originally assigned to the Oldman Fm.","""sandstone, plant matter""","sandstone","","","carbonaceous","Y","","","","","","channel lag","","""channel base""","macrofossils","","","","","","","","body","good","parautochthonous","snapshot","","dispersed","","","","","","","","taxonomic","selective quarrying,mechanical,field collection","GSC","","","","C. M. Sternberg","1917","","","terrestrial","","actively mobile","","","carnivore","oviparous, dispersal=direct/internal,mobile","accretion,modification of parts","","hydroxyapatite","compact or dense","",""
"139253","occ","18699","","11896","Gorgosaurus libratus","species","53194","","Gorgosaurus libratus","","species","53194","Late Campanian","","83.5","70.6","Russell","1970","4205","Chordata","Saurischia","NO_ORDER_SPECIFIED","Tyrannosauridae","Gorgosaurus","","","1","individuals","-111.525337","50.740471","","RTMP Quarry 106, Sand Creek (75 ft level) [AMNH]","","Sternberg quarry 57, A.M.8","CA","Alberta","","stated in text","6","small collection","near Steveville, Alberta (now Dinosaur Provincial Park); R bank Sand Creek, 75 ft above river, 12 mi below Steveville; NW 1/4, sec 31, T20, R11, W 4th meridian","gplates","101","mid","-65.71","60.93","scotese","101","mid","-75.82","59.05","seton","101","mid","-79.35","55.77","CA","","Dinosaur Park","Belly River","","bed","","","","","","Dinosaur Park","0.755","m","bottom to top","originally assigned to Oldman Fm.","","not reported","","","","","","","","","","terrestrial indet.","","","macrofossils","","","","","","","","body","good","","snapshot","","","","","","","","","","taxonomic","selective quarrying,mechanical,field collection","AMNH","","","","B. Brown & P. Kaisen","1913","","","terrestrial","","actively mobile","","","carnivore","oviparous, dispersal=direct/internal,mobile","accretion,modification of parts","","hydroxyapatite","compact or dense","",""
"139254","occ","13634","","11897","n. gen. Gorgosaurus n. sp. libratus","species","53194","","Gorgosaurus libratus","","species","53194","Late Campanian","","83.5","70.6","Lambe","1914","17547","Chordata","Saurischia","NO_ORDER_SPECIFIED","Tyrannosauridae","Gorgosaurus","","","1","individuals","-111.601021","50.786999","NMC 2120","RTMP Quarry 36, Berry Creek","","Red Deer River, Sternberg Quarry 36, Gorgosaurus type, G.S.C.6, NMC","CA","Alberta","","stated in text","3","small collection","near Steveville, Alberta (now Dinosaur Provincial Park); 3.5 miles below mouth of Berry Creek, on S side of river, Red Deer River, Alberta; NE 1/4 sec 16, T21, R12, LSD 4; ""near the prairie level""","gplates","101","mid","-65.76","60.99","scotese","101","mid","-75.87","59.11","seton","101","mid","-79.42","55.83","CA","","Dinosaur Park","Belly River","","bed","","","","","","","","","","originally assigned to the Oldman Fm.","""tough clayey sandstone""","sandstone","","lithified","argillaceous","Y","","","","","","channel lag","","","macrofossils","","","","","","","","body,soft parts","excellent","parautochthonous","snapshot","","dispersed","","","","occasional","","none","includes skin impressions","taxonomic","selective quarrying,surface (float),surface (in situ),mechanical,field collection","GSC","","","","C. H. Sternberg & C. M. Sternberg","1913","","","terrestrial","","actively mobile","","","carnivore","oviparous, dispersal=direct/internal,mobile","accretion,modification of parts","","hydroxyapatite","compact or dense","",""
"139255","occ","18015","","11898","Albertosaurus sarcophagus","species","56319","","Albertosaurus sarcophagus","","species","56319","Late Maastrichtian","","70.6","66","Osborn","1905","9259","Chordata","Saurischia","NO_ORDER_SPECIFIED","Tyrannosauridae","Albertosaurus","","","1","specimens","-112.981903","51.804600","NMC 5601, skull w/associated postcrania","east bank Red Deer River, GSC (NMC 5601)","","","CA","Alberta","","stated in text","4","small collection","unknown section, township 33, range 22, W 4th meridian; east bank of Red Deer River, about 21 mi above mouth of Kneehills Creek (= Knee Hills Creek) between Morrin and Tolman bridges","gplates","101","mid","-68.27","63.96","scotese","101","mid","-84.74","59.83","seton","101","mid","-84.37","58.34","CA","","Scollard","Edmonton","","bed","","","","","","","","","","upper part of Edmonton Formation (""Edmonton B"")","","sandstone","","","","Y","","","","","","terrestrial indet.","","","macrofossils","","","","","","","","body","good","","snapshot","","dispersed","","","","occasional","","","","taxonomic","selective quarrying,mechanical,field collection","GSC","","","","T. C. Weston","1888–1889","","","terrestrial","","actively mobile","","","carnivore","oviparous, dispersal=direct/internal,mobile","accretion,modification of parts","","hydroxyapatite","compact or dense","",""
"139256","occ","30781","","11899","Albertosaurus sarcophagus","species","56319","","Albertosaurus sarcophagus","","species","56319","Early Maastrichtian","","70.6","66","Russell","1970","4205","Chordata","Saurischia","NO_ORDER_SPECIFIED","Tyrannosauridae","Albertosaurus","","","1","specimens","-112.981903","51.819099","AMNH 5222","2 miles below Tolman Ferry (150 ft level) [AMNH]","","Red Deer River","CA","Alberta","","stated in text","4","outcrop","section 12?, township 33, range 22, W 4th meridian; 150 feet above east bank of Red Deer River, 2 miles below Tolman Ferry","gplates","101","mid","-68.26","63.97","scotese","101","mid","-84.73","59.84","seton","101","mid","-84.36","58.35","CA","","Horseshoe Canyon","Edmonton","Morrin","bed","","","","","","","","","","upper part of formation (""Edmonton B""); 350 feet below top","","not reported","","","","","","","","","","terrestrial indet.","","","macrofossils","","","","","","","","body","","","snapshot","","dispersed","","","","","","","","taxonomic","selective quarrying,mechanical,field collection","AMNH","","","","B. Brown & P. Kaisen","1911","","","terrestrial","","actively mobile","","","carnivore","oviparous, dispersal=direct/internal,mobile","accretion,modification of parts","","hydroxyapatite","compact or dense","",""
"139257","occ","","","11900","Albertosaurus n. sp. arctunguis","species","63710","subjective synonym of","Albertosaurus sarcophagus","","species","56319","Early Maastrichtian","","70.6","66","Parks","1928","12347","Chordata","Saurischia","NO_ORDER_SPECIFIED","Tyrannosauridae","Albertosaurus","","","1","specimens","-112.818901","51.542702","ROM 807 (= Cf.5306)","2.5 miles above Bleriot ferry, Red Deer River (ROM)","","","CA","Alberta","","stated in text","4","small collection","section 27 or 34, township 30, range 21, W 4th meridian; 100 feet above west bank of Red Deer River; 2.5 miles above Bleriot ferry (possibly from Kneehills Creek)","gplates","101","mid","-68.36","63.68","scotese","101","mid","-84.71","59.55","seton","101","mid","-84.31","58.06","CA","","Horseshoe Canyon","Edmonton","Horsethief","bed","","","","","","","","","","lower part of formation (""Edmonton A""); 8 coal","","not reported","","","","Y","","","","","","terrestrial indet.","","","macrofossils","","","","","","","","body","good","","snapshot","","dispersed","","","","","","","","taxonomic","selective quarrying,mechanical,field collection","ROM","","","","G. Lindblad, R. Hornell, J. C. Jack","1923","","","terrestrial","","actively mobile","","","carnivore","oviparous, dispersal=direct/internal,mobile","accretion,modification of parts","","hydroxyapatite","compact or dense","",""
"139258","occ","18014","","11901","n. gen. Albertosaurus n. sp. sarcophagus","species","56319","","Albertosaurus sarcophagus","","species","56319","Early Maastrichtian","","70.6","66","Osborn","1905","9259","Chordata","Saurischia","NO_ORDER_SPECIFIED","Tyrannosauridae","Albertosaurus","","","1","specimens","-112.842300","51.469898","NMC 5600","Kneehills Creek, GSC (NMC 5600)","","Knee Hills Creek, Kirkpatrick Coulee, Dunphy","CA","Alberta","","stated in text","4","small collection","section 11?, township 29, range 21, W. 4th meridian; approximately 100 feet above Red Deer River about 2 mi upstream from mouth of Kneehills Creek (tributary of Red Deer River). Possibly from Kirkpatrick Coulee, near the Dunphy cemetery","gplates","101","mid","-68.46","63.63","scotese","101","mid","-84.78","59.48","seton","101","mid","-84.38","57.99","CA","","Horseshoe Canyon","Edmonton","Bleriot","bed","","","","","","","","","","lower part of Edmonton Formation (""Edmonton A""); 7-8 coal","""light sandstone""","sandstone","","","","Y","","","","","","terrestrial indet.","","","macrofossils","","","","","","","","body","good","","snapshot","","dispersed","","","","occasional","","","","taxonomic","selective quarrying,mechanical,field collection","GSC","","","","J. B. Tyrrell & T. C. Weston","9 Jun 1884","","","terrestrial","","actively mobile","","","carnivore","oviparous, dispersal=direct/internal,mobile","accretion,modification of parts","","hydroxyapatite","compact or dense","",""
"139259","occ","","","11902","Albertosaurus sarcophagus","species","56319","","Albertosaurus sarcophagus","","species","56319","Early Maastrichtian","","70.6","66","Russell","1970","4205","Chordata","Saurischia","NO_ORDER_SPECIFIED","Tyrannosauridae","Albertosaurus","","","1","specimens","-112.702202","51.440800","NMC 2196","Drumheller, Red Deer River (NMC Loc. 5)","","NMC 2196","CA","Alberta","","stated in text","4","local area","section 35?, township 28, range 20, W. 4th meridian; west bank of Red Deer River near Drumheller","gplates","101","mid","-68.32","63.56","scotese","101","mid","-84.63","59.43","seton","101","mid","-84.23","57.94","CA","","Horseshoe Canyon","Edmonton","Horsethief","bed","","","","","","","","","","lower part of Edmonton formation (A); above 7 coal","","not reported","","","","","","","","","","terrestrial indet.","","","macrofossils","","","","","","","","body","","","snapshot","","","","","","","","","","paleoecologic","selective quarrying,mechanical,field collection","NMC","","","","C. H. Sternberg & sons","1912","","","terrestrial","","actively mobile","","","carnivore","oviparous, dispersal=direct/internal,mobile","accretion,modification of parts","","hydroxyapatite","compact or dense","",""
"139260","occ","23238","","11604","Titanosaurus n. sp. colberti","species","64311","recombined as","Isisaurus colberti","","species","64311","Maastrichtian","","72.1","66","Jain and Bandyopadhyay","1997","4177","Chordata","Saurischia","NO_ORDER_SPECIFIED","NO_FAMILY_SPECIFIED","Isisaurus","","","1","individuals","80.366669","21.183332","","Dongargaon Hill","","Isisaurus type site","IN","Maharashtra","Chandrapur","based on nearby landmark","minutes","outcrop","16 km south-east from Pisdura, Wardha Valley, Chadrapur district, Maharashtra state, India. In the Nand-Dongargaon Basin","gplates","501","mid","71.76","-32.86","scotese","501","mid","63.14","-27.36","seton","501","mid","62.83","-24.58","IN","","Lameta","","","bed","","","","","","","","","","Deccan II phase\r\nC30n","The Lameta Formation of Dongargaon comprises red and green silty clays overlain by variegated finely laminated clays intercalated with thin partings of claystone, linestone, marl, and occasional sandstone partings. The total thickness of the formation is approximately 20 m.","claystone","green,red","","silty","Y","claystone","planar lamination","","","","crevasse splay","forearc basin","","macrofossils,mesofossils","","some","","","","","","body","good","parautochthonous","","","dispersed","","","","","","","","taxonomic","selective quarrying,field collection","","some macrofossils","2 individuals","","S. L. Jain","1984–1986","","","terrestrial","","actively mobile","ground dwelling, gregarious","","herbivore","oviparous, dispersal=direct/internal,mobile","accretion,modification of parts","","hydroxyapatite","compact or dense","thick",""
"139261","occ","","","11903","Daspletosaurus torosus","species","57258","","Daspletosaurus torosus","","species","57258","Late Campanian","","83.5","70.6","Russell","1970","4205","Chordata","Saurischia","NO_ORDER_SPECIFIED","Tyrannosauridae","Daspletosaurus","","","1","specimens","-110.681999","49.083698","NMC 11594","Manyberries (NMC 11594)","","","CA","Alberta","","stated in text","4","small collection","near center of NW 1/4 of section 36, township 1, range 6, W. 4th meridian; about 30 feet below prairie rim; near Manyberries, Alberta","gplates","101","mid","-66.13","59.20","scotese","101","mid","-75.92","57.30","seton","101","mid","-79.14","54.04","CA","","Oldman","Belly River","","bed","","","","","","","","","","","","","","","","","","","","","","terrestrial indet.","","","macrofossils","","","","","","","","body","medium","","snapshot","","dispersed","","","","frequent","","","","paleoecologic","selective quarrying,surface (in situ),mechanical,field collection","NMC","","","","","","","","terrestrial","","actively mobile","","","carnivore","oviparous, dispersal=direct/internal,mobile","accretion,modification of parts","","hydroxyapatite","compact or dense","",""
"139262","occ","","","11904","Theropoda indet.","unranked clade","94209","","Theropoda","","unranked clade","38513","Late Campanian","","83.5","70.6","Lambe","1915","62883","Chordata","Saurischia","","","","","","1","specimens","-111.511902","50.742401","","Steveville (NMC 350)","","","CA","Alberta","","stated in text","4","small collection","section 31, township 20, range 11, W. 4th meridian; near Steveville, Alberta","gplates","101","mid","-65.70","60.93","scotese","101","mid","-75.80","59.04","seton","101","mid","-79.34","55.77","CA","","Oldman","Belly River","","bed","","","","","","","","","","","","not reported","","","","","","","","","","terrestrial indet.","","","macrofossils","","","","","","","","body","","","snapshot","","dispersed","","","","","","","","paleoecologic","selective quarrying,mechanical,field collection","GSC","","","","Sternberg","1914","","","terrestrial","","actively mobile","ground dwelling, solitary","","carnivore","oviparous, dispersal=direct/internal,mobile","accretion,modification of parts","","hydroxyapatite","compact or dense","",""
"139290","occ","23303","","11915","n. gen. Daspletosaurus n. sp. torosus","species","57258","","Daspletosaurus torosus","","species","57258","Middle Campanian","","83.5","70.6","Russell","1970","4205","Chordata","Saurischia","NO_ORDER_SPECIFIED","Tyrannosauridae","Daspletosaurus","","","1","specimens","-111.485008","50.751526","","RTMP Quarry 72, Steveville, (NMC)","","Daspletosaurus type, Sternberg Quarry 88, G.S.C.23","CA","Alberta","","stated in text","6","small collection","near Steveville, Alberta (now Dinosaur Provincial Park); E 1/2, sec 5, T21, R11, LSD 4","gplates","101","mid","-65.66","60.93","scotese","101","mid","-75.76","59.05","seton","101","mid","-79.31","55.78","CA","","Oldman","Belly River","","bed","","","","","","Dinosaur Park","-3.91","m","bottom to top","","""sandstone, claystone, siltstone""","sandstone","","","argillaceous,silty","Y","","","","","","fine channel fill","","","macrofossils","","","","","","","","body","good","parautochthonous","snapshot","","dispersed","","","","","","","","paleoecologic","selective quarrying,mechanical,field collection","NMC","","","","C. M. Sternberg","1921","","","terrestrial","","actively mobile","","","carnivore","oviparous, dispersal=direct/internal,mobile","accretion,modification of parts","","hydroxyapatite","compact or dense","",""
"139291","occ","38040","","11916","Albertosaurus sarcophagus","species","56319","","Albertosaurus sarcophagus","","species","56319","Early Maastrichtian","","70.6","66","Mallon et al.","2020","76179","Chordata","Saurischia","NO_ORDER_SPECIFIED","Tyrannosauridae","Albertosaurus","","","1","specimens","-112.934799","51.928299","NMC 11315 (specimen of an immature individual)","South bank of Red Deer River, upstream of Tolman Bridge","","Near Scollard","CA","Alberta","","stated in text","4","small collection","SW 1/8 of section 20, township 34, range 21, W. 4th meridian; 150 feet above south bank of Red Deer River; near Scollard, AB, upriver from Tolman Bridge.","gplates","101","mid","-68.08","64.06","scotese","101","mid","-84.61","59.93","seton","101","mid","-84.26","58.45","CA","","Horseshoe Canyon","Edmonton","Tolman","bed","","","","","","","","","","""Edmonton B""; possibly same horizon as the Albertosaurus Bonebed","","sandstone","","","","Y","","","","","","terrestrial indet.","","","macrofossils","","","","","","","","body","good","","snapshot","","dispersed","","","","","","","","paleoecologic","selective quarrying,mechanical,field collection","NMC","","","","C. M. Sternberg & crew","1926","","","terrestrial","","actively mobile","","","carnivore","oviparous, dispersal=direct/internal,mobile","accretion,modification of parts","","hydroxyapatite","compact or dense","",""
"139292","occ","22878","","11917","Tyrannosaurus rex","species","54833","","Tyrannosaurus rex","","species","54833","Late Maastrichtian","","70.6","66","Eberth et al.","2001","4218","Chordata","Saurischia","NO_ORDER_SPECIFIED","Tyrannosauridae","Tyrannosaurus","","","1","specimens","-113.028900","51.906399","NMC 9554","Knudsen's Coulee (NMC 9950)","","East of Huxley","CA","Alberta","","stated in text","4","small collection","center of section 10, township 34, range 22, W. 4th meridian; about 10 feet above Kneehills Tuff; 7 miles east of Huxley, AB","gplates","101","mid","-68.22","64.06","scotese","101","mid","-84.73","59.93","seton","101","mid","-84.37","58.44","CA","","Scollard","","","bed","","","","","","","","","","""upper Edmonton Formation""; now Scollard; 52 m above base (Kneehills Tuff), 4.3 m above Nevis Seam no. 13 and 13 m below Ardley Seam no. 14 - corrected to 34.5 m above base and 10.5 m below Nevis","""concretionary zone in the basal part of a channel sandstone""","sandstone","concretionary","","","Y","","","","","","""channel""","","","macrofossils","","","","","","","","body","medium","","snapshot","","dispersed","","","","frequent","","","","taxonomic","selective quarrying,surface (float),surface (in situ),mechanical,field collection,observed (not collected)","GSC","","","","C. Sternberg","1946","","","terrestrial","","actively mobile","","","carnivore","oviparous, dispersal=direct/internal,mobile","accretion,modification of parts","","hydroxyapatite","compact or dense","",""
"139293","occ","","","11918","cf. Tyrannosaurus rex","species","54833","","Tyrannosaurus rex","","species","54833","Late Maastrichtian","","70.6","66","Russell","1970","4205","Chordata","Saurischia","NO_ORDER_SPECIFIED","Tyrannosauridae","Tyrannosaurus","","","1","specimens","-113.233330","51.933334","NMC 9950, cervical","East of Huxley (NMC 9554)","","","CA","Alberta","","stated in text","minutes","small collection","center of section 10, township 34, range 11, W. 4th meridian; about 20 feet below and 200 yards south of NMC 9950 locality; 7 miles east of Huxley, AB","gplates","101","mid","-68.44","64.15","scotese","101","mid","-84.95","60.00","seton","101","mid","-84.59","58.50","CA","","Scollard","Edmonton","","bed","","","","","","","","","","upper part of formation","","sandstone","ferruginous,red","lithified","","Y","","","","","","terrestrial indet.","","","macrofossils","","","","","","","","body","poor","","","","","","","","extreme","","","","paleoecologic","field collection,observed (not collected)","NMC,TMP","some macrofossils","1 specimens","","C. Sternberg, W. Langston","1946, 1960, 1981","single phalanx collected by Langston in 1960 from an eroded and shattered skeleton weathering out of a cliff, first observed by Sternberg in 1946. The same specimen was later collected (1981) by the RTMP.","","terrestrial","","actively mobile","","","carnivore","oviparous, dispersal=direct/internal,mobile","accretion,modification of parts","","hydroxyapatite","compact or dense","",""
"139294","occ","32334","","11919","Gryposaurus cf. notabilis","species","63251","","Gryposaurus notabilis","","species","63251","Late Campanian","","83.5","70.6","Prieto-Márquez","2011","59147","Chordata","Ornithischia","NO_ORDER_SPECIFIED","Hadrosauridae","Gryposaurus","","","1","specimens","-111.529999","50.770000","NMC 8784, poorly preserved skull & skeleton","near mouth of Sandhill Creek (50 ft level) [NMC]","","Sand Creek, RTMP Quarry 252","CA","Alberta","","based on nearby landmark","2","small collection","near mouth of Sandhill Creek, about 50 feet (~15 m) above Red Deer River, AB. [Listed as Sand Creek but presumably an error, M. Vavrek pers. comm. to M. Carrano.]","gplates","101","mid","-65.69","60.96","scotese","101","mid","-75.80","59.07","seton","101","mid","-79.35","55.80","CA","","Oldman","Belly River","","bed","","","","","","","","","","","","not reported","","","","","","","","","","terrestrial indet.","","","macrofossils","","","","","","","","body","poor","","snapshot","","","","","","","","","","paleoecologic","selective quarrying,mechanical,field collection","NMC","","","","B. Brown & W. Cutler","1913","","","terrestrial","","actively mobile","","","herbivore","oviparous, dispersal=direct/internal,mobile","accretion,modification of parts","","hydroxyapatite","compact or dense","",""
"139295","occ","25241","","11920","Theropoda indet.","unranked clade","91970","","Theropoda","","unranked clade","38513","Hettangian","Sinemurian","201.3","190.8","Rowe and Gauthier","1990","36780","Chordata","Saurischia","","","","","","1","specimens","-72.633331","41.566666","","""Middlebury"" quarry (Middletown)","","Portland","US","Connecticut","","based on political unit","minutes","outcrop","probably the sandstone quarries at Portland, CT, across the Connecticut River from Middletown (""Middlebury"" originally reported probably in error). Found at a construction site in Newport, RI and traced back to these quarries.","gplates","101","mid","-9.08","21.08","scotese","101","mid","-18.47","23.52","seton","101","mid","-11.91","16.49","US","","Portland","Agawam","","formation","","","","","","","","","","""Portland Arkose"" originally thought to have been Late Triassic","a reddish brown arkosic sandstone...adhering to the surface of the block are traces of a soft red shale.\r\n""The lower portion of the slab, including the bone casts, consists of planar- laminated, fine- to coarse-grained, arkosic sandstone above which are three graded-bedding sequences. The underlying bed was composed of mud, as indicated by the thin shaly layers adhering to the underside of the slab near the bone casts. A mud lamina is exposed on one side of the slab as well.""","sandstone","current ripples,planar lamination,fine,coarse,brown,red","lithified","","Y","mudstone","planar lamination,red","poorly lithified","","Y","terrestrial indet.","rift","","macrofossils","","","","","arthropod boring","","","body,cast","medium","autochthonous","snapshot","","dispersed","","","","","","","","general faunal/floral","salvage,selective quarrying,survey of museum collection","","","1 specimens","","Cullum & W. B. Rogers","1864","originally quarried for construction purposes, but rescued from use and donated to the Boston Society of Natural History","this is the only body fossil known; numerous ichnotaxa reported as well","terrestrial","","actively mobile","ground dwelling, solitary","","carnivore","oviparous, dispersal=direct/internal,mobile","accretion,modification of parts","","hydroxyapatite","compact or dense","",""
"139306","occ","","","11923","n. gen. Amygdalodon n. sp. patagonicus","species","66447","","Amygdalodon patagonicus","","species","66447","Pliensbachian","Early Toarcian","190.8","182","Cabrera","1947","4208","Chordata","Saurischia","NO_ORDER_SPECIFIED","NO_FAMILY_SPECIFIED","Amygdalodon","","","1","specimens","-69.516670","-43.966667","MLP 46-VIII-21-1/2, posterior dorsal vertebra (lectotype)","East Slope, Sierra Pampa de Agnía","","Cañadón Puelman","AR","Chubut","","based on nearby landmark","seconds","small collection","On the E slope of the Sierra Pampa de Agnía, SE of the Cerro Camerón and ca. 8 km WSW of the García Prieto ranch (formerly Gallina ranch) at the source of a tributary of Cañadón Puelman. This ranch is accessible by a trail that is part of La Herrería located on National Route 25, 400 km from Rawson. Coordinates are for the Sierra Pampa de Agnía. SW of Cerro Carnerero, Sierra de Cerro Negro. Listed as Cañadón Puelman, SW from Cerro Carnerero in refs 45986 and 82948..","gplates","291","mid","-10.37","-45.45","scotese","291","mid","-27.47","-42.64","seton","291","mid","-31.52","-45.71","AR","","Cerro Carnerero","","","bed","","","","","","","","","","fossiliferous beds rest on Liassic beds with Harpoceras subplanatum, and below the Middle-Upper Jurassic Porphyritic Series. Called the ""Cerro Carnerero"" beds, which ""include the Bajocian in their base and may extend into the Callovian"". Rauhut (2003) assigned to late Toarcian-early Aalenian interval and Rauhut (2008) assigned the Cerro Carnerero to Toarcian–Bajocian. The age has been recently refined by Pol et al. (2020) to Pliensbachian-early Toarcian","The remains were discovered in a bed of sandy tuff and bluish gray clay, which form part of a continental sedimentary series mixed with porphyritic conglomerates with partly encrusted round pebbles, and bluish gray cineritic clays with sandy intercalations and clays in lesser amounts. (translated from Spanish by M. Carrano)","tuff","","","sandy","Y","claystone","gray,blue","","","Y","terrestrial indet.","","","macrofossils,microfossils","none","many","","","","","","body","medium","","snapshot","","dispersed","","","","frequent","","","","taxonomic","field collection","","species names","1 individuals","","A. Piatnitzky, T. Suero","1936","","","terrestrial","","actively mobile","ground dwelling, gregarious","","herbivore","oviparous, dispersal=direct/internal,mobile","accretion,modification of parts","","hydroxyapatite","compact or dense","thick",""
"139307","occ","34164","","11924","Camarasaurus grandis","species","67181","","Camarasaurus grandis","","species","52961","Kimmeridgian","Tithonian","157.3","145","Chenoweth","1991","63746","Chordata","Saurischia","NO_ORDER_SPECIFIED","Camarasauridae","Camarasaurus","","","1","individuals","-108.699989","39.068802","","Riggs Quarry 12, Fruita (FMNH)","","Redlands","US","Colorado","Mesa","stated in text","4","small collection","In Redlands SW of Fruita, CO; near base of Serpent's Trail, near E entrance to Colorado NM. Now on private land, S side of No Thoroughfare Canyon, sec 29, T11S, R101W.","gplates","101","mid","-43.62","26.50","scotese","133","mid","-61.10","35.54","seton","101","mid","-45.90","30.12","US","NPS","Morrison","","Brushy Basin","bed","","","","","","","","","","described as ""lower Como Beds""","""variegated clays...alternation between green and purplish bands does not mark andy variation in the nature of hardness of these massive joint clays. There are frequent layers of clay nodules, sometimes calcareous, and a few ledges of nodular gray sandstone which are confined to limited areas. Occasional thick ledges of cross-bedded sandstone and lenticular masses of greenish sand occur at almost all levels, but these are likewise of limited extent. Near the top...the clays take on a more sandy nature."" (Riggs 1901)","claystone","green","","","Y","sandstone","","","","","fluvial-lacustrine indet.","","","macrofossils","","","","","","","","body","medium","","snapshot","","","","","","","","","","taxonomic","selective quarrying,mechanical,field collection","FMNH","","","","E. S. Riggs, H. W. Mencke, & V. H. Barnett","1900–1901","discovered by E. S. Riggs, H. W. Mencke, and V. H. Barnett","","terrestrial","","actively mobile","","","herbivore","oviparous, dispersal=direct/internal,mobile","accretion,modification of parts","","hydroxyapatite","compact or dense","thick",""
"139308","occ","","","11925","Camarasaurus supremus","species","54168","","Camarasaurus supremus","","species","54168","Kimmeridgian","","157.3","152.1","Riggs","1901","4209","Chordata","Saurischia","NO_ORDER_SPECIFIED","Camarasauridae","Camarasaurus","","","1","individuals","-108.717499","39.111668","FMNH P-6641","Riggs Quarry 14, Fruita (FMNH)","","","US","Colorado","Mesa","based on nearby landmark","seconds","small collection","2 mi S of Fruita, CO; 100 feet above Riggs Quarry 12; N of mouth of Wedding Canyon","gplates","101","mid","-42.07","26.66","scotese","133","mid","-59.77","34.90","seton","101","mid","-44.10","30.06","US","NPS","Morrison","","Salt Wash","bed","","","","","","","","","","described as ""upper Como Beds""","""variegated clays...alternation between green and purplish bands does not mark andy variation in the nature of hardness of these massive joint clays. There are frequent layers of clay nodules, sometimes calcareous, and a few ledges of nodular gray sandstone which are confined to limited areas. Occasional thick ledges of cross-bedded sandstone and lenticular masses of greenish sand occur at almost all levels, but these are likewise of limited extent. Near the top...the clays take on a more sandy nature."" (Riggs 1901)","claystone","green,red,blue","","","","""shale""","green","","","Y","fluvial-lacustrine indet.","","","macrofossils","","","","","","","","body","excellent","","snapshot","","","","","","","","","","taxonomic","selective quarrying,mechanical,field collection","FMNH","","","","E. S. Riggs","1900","","","terrestrial","","actively mobile","","","herbivore","oviparous, dispersal=direct/internal,mobile","accretion,modification of parts","","hydroxyapatite","compact or dense","thick",""
"139340","occ","","","11931","n. gen. Ankylosaurus n. sp. magniventris","species","52793","","Ankylosaurus magniventris","","species","52793","Late Maastrichtian","","70.6","66","Brown","1908","4210","Chordata","Ornithischia","NO_ORDER_SPECIFIED","Ankylosauridae","Ankylosaurus","","","1","specimens","-106.569901","47.637699","AMNH 5895","upper end, Gilbert Creek","","Ankylosaurus type","US","Montana","Garfield","stated in text","4","small collection","upper end of Gilbert Creek, 120 miles north of Miles City, MT. ""probably"" section 27 or 28, T22N, R40E, Garfield Co. Coordinates for sec. 27.","gplates","101","mid","-64.70","58.34","scotese","101","mid","-79.77","54.60","seton","101","mid","-79.12","53.26","US","FED","Hell Creek","","","group of beds","","","","","","","","","","61-67 m below K-T boundary","","not reported","","","","","","","","","","terrestrial indet.","","","macrofossils","some","some","","","","","","body","good","","snapshot","","","","","","","","","","taxonomic","selective quarrying,mechanical,field collection","AMNH","","1 individuals","","P. Kaisen","1906","","","terrestrial","","actively mobile","","","herbivore","oviparous, dispersal=direct/internal,mobile","accretion,modification of parts","","hydroxyapatite","compact or dense","",""
"139341","occ","13412","","11932","Pleurocoelus sp.","genus","54170","nomen dubium","Titanosauriformes","","unranked clade","57468","Late Aptian","Early Albian","122.46","109","Czaplewski et al.","1994","14253","Chordata","Saurischia","","","","","","1","specimens","-96.278053","34.180000","coracoid","OMNH V611","","Caddo, Atoka","US","Oklahoma","Atoka","estimated from map","seconds","outcrop","between Caddo and Atoka, S of Atoka, Oklahoma; Stovall and Langston (1950) describe this site as ""about 25 miles almost due west"" from the holotype site of Acrocanthosaurus","gplates","101","mid","-39.65","37.81","scotese","101","mid","-50.95","32.04","seton","101","mid","-45.24","29.55","US","","Antlers","Trinity","","bed","","","","","","","","","","""upper bed"" of the ""Trinity sandstone""","White and yellow sand much cross-bedded and containing lentils of yellow sandy clay. It is one of these lentils from which the bone came.","sandstone","yellow","","","","claystone","yellow","","sandy","Y","coastal indet.","","""Most of this material bears evidence of being derived from adjoining rocks which formed the shore of the Cretaceous Sea...Everything points toward deposition in shallow turbulent water.""","macrofossils","none","none","","","","","","body","medium","","snapshot","","dispersed","","","","","","","","taxonomic","field collection","","","","","P. Larkin","1909","","","terrestrial","","actively mobile","ground dwelling, gregarious","","herbivore","oviparous, dispersal=direct/internal,mobile","accretion,modification of parts","","hydroxyapatite","compact or dense","thick",""
"144305","occ","38682","","10760","cf. Saurornitholestes sp.","genus","38567","","Saurornitholestes","","genus","38567","Early Maastrichtian","","70.6","66","Csiki et al.","2010","77788","Chordata","Saurischia","NO_ORDER_SPECIFIED","Dromaeosauridae","Saurornitholestes","","","1","individuals","22.915800","45.547501","MCDRD 254 and 454","Garjobel","","Gârjobel, Sânpetru, Girjobel","RO","Hunedoara","","estimated from map","4","small collection","south of Sânpetru, Hateg Basin, western Romania. Possible includes both Garjobel I and Garjobel II (references mix the two names for the same site), as well as older Girjobel Groza site.","gplates","308","mid","28.75","25.25","scotese","not computable using this model","mid","","","seton","348","mid","22.29","41.78","RO","","Sînpetru","","","bed","","","","","","","","","","","""greenish clayey sandstones"" and ""greenish clayey siltstones""","sandstone","massive,lenticular,green","","argillaceous","Y","siltstone","green","","argillaceous","Y","wet floodplain","","""poorly drained floodplain deposits""","macrofossils,mesofossils","","","","","","","","body","","parautochthonous","","","-bonebed","","","","","","","""Weathering and abrasion low; association frequent, articulation present""","general faunal/floral","surface (in situ),field collection","","","","","V. Doinel, I. Groza, C. Jianu","1983, 1992","","","terrestrial","","actively mobile","","","carnivore","oviparous","accretion,modification of parts","","hydroxyapatite","compact or dense","",""
"144307","occ","22890","","12584","Bistahieversor sealeyi","species","163808","","Bistahieversor sealeyi","","species","163808","Late Campanian","","83.5","70.6","Carr and Williamson","2010","32137","Chordata","Saurischia","NO_ORDER_SPECIFIED","NO_FAMILY_SPECIFIED","Bistahieversor","","","1","individuals","-107.966393","36.060280","OMNH 10131","OMNH 40-V","","Ah-Shi-Sle-Pah Wash","US","New Mexico","San Juan","based on nearby landmark","seconds","local area","northeast of Chaco Canyon, presumably on Ah-Shi-Sle-Pah Wash (imprecise).","gplates","101","mid","-70.98","46.35","scotese","133","mid","-80.32","44.38","seton","101","mid","-80.38","40.89","US","NPS","Fruitland","","","member","","","","","","","","","","Precise stratigraphic horizon unknown (specimen collected in 1940); also referred to lower part of Kirtland Shale. Referred ""with some confidence"" to the Hunter Wash local fauna.","none given","not reported","","","","","","","","","","terrestrial indet.","","no details given","macrofossils","","","","","","","","body","good","","","","","","","","","","","no details given","taxonomic","selective quarrying,mechanical,field collection","","","1 individuals","","Stovall & Savage","1940","","","terrestrial","","actively mobile","","","carnivore","oviparous, dispersal=direct/internal,mobile","accretion,modification of parts","","hydroxyapatite","compact or dense","",""
"144308","occ","","","12585","Theropoda indet.","unranked clade","38513","","Theropoda","","unranked clade","38513","Puaroan","","148.5","145","Molnar et al.","1998","4249","Chordata","Saurischia","","","","","","1","specimens","174.716660","-37.383331","AU 13802","Huriwai Measures","","Geological Society of New Zealand R13/f284","NZ","Waikato","","based on nearby landmark","minutes","outcrop","3 km south of the Waikato River on the west coast of North Island. Coordinates for river mouth.","gplates","806","mid","157.11","-81.29","scotese","806","mid","65.66","-85.82","seton","806","mid","160.68","-82.62","NZ","","Huriwai Measures","","lower part","formation","","","","","","","","","","","coarse-grained, gritty, fawn arenite. Other rocks include breccias, conglomerates, and coarse sandstones with thin coals.","sandstone","yellow","","sandy","Y","conglomerate","","","","","delta front","","prograding shoreline backed by coastal braided floodplain with delta. Marine influence stronger in more basal strata, non-marine dominates higher up. Region subject to volcanic ash falls, but far enough away that pyroclastic and lava flows are absent.","macrofossils,mesofossils","","","","","","","","body","poor","","","","","","","","","","","","","surface (float),field collection","","some macrofossils","","","","","","""Abundant"" flora not detailed in this paper. Also bivalves.","terrestrial","","actively mobile","ground dwelling, solitary","","carnivore","oviparous, dispersal=direct/internal,mobile","accretion,modification of parts","","hydroxyapatite","compact or dense","",""
"146081","occ","38238","","12855","Abelisauridae indet.","family","53942","","Abelisauridae","","family","53942","Late Maastrichtian","","70.6","66","Gianechini and Apesteguía","2012","76372","Chordata","Saurischia","NO_ORDER_SPECIFIED","Abelisauridae","","","","1","specimens","-65.940002","-17.687000","1 tooth (MHNC-3702); numerous tooth fragments","Pajcha Pata","","Pajchapata","BO","Cochabamba","","based on nearby landmark","3","outcrop","About 40 km SE of Cochabamba, 1 km NE of Pajcha Pata, midway along Cliza-Anzaldo Road","gplates","201","mid","-47.75","-18.71","scotese","201","mid","-52.55","-20.15","seton","201","mid","-48.93","-20.40","BO","","El Molino","Puca","Lower","bed","","","","","","","","","","The fossils described in this paper occur about 30 m above the base of the El Molino Formation. This is in the base of the upper part of the Lower Member of the El Molino Formation\r\n\r\nBased on a detailed study of the magnetostratigraphy of the El Molino Formation at the La Palca stratotype section near Potos, and applying sequence stratigraphic methods for correlating with the Pajcha Pata section, the fossil bed is 68.4 Ma (Sempere et al., 1997, following the time scale of [Cande and Kent, 1992] and [Cande and Kent, 1995]).","The fossiliferous unit is about 3-m thick, and consists of red to yellow, fine- to medium-grained sandstone.The bed represents a broad channel that can be followed for about 2 km to the northeast of Pajcha Pata.","sandstone","fine,medium,red,yellow","","","Y","","","","","","estuary/bay","","The bed was deposited during a sharp and short regressive phase of the dominantly marine-influenced Lower El Molino at a time when deposition rates for the El Molino were highest. The channel sands derive from a large northeasterly draining river system","macrofossils,mesofossils","","","","","","","","body","","","","","","","","","","","","","taxonomic","bulk,surface (float),sieve,field collection","","some macrofossils","","","Marshall, Gayet and Meunier","1989, 1994","Museo de Historia Natural de Cochabamba, Cochabamba, Bolivia (MHNC) collection","The fossil remains found at Pajcha Pata are mostly vertebrates. Nevertheless, a small number of invertebrates and plants have been recovered. They are generally very small and poorly preserved. There are gastropods (internal casts that seem identical to those found at Vila Vila21 and Tiupampa28), and Bryozoa. The flora is composed of charophytes. Some fish taxa (Gasteroclupea, Atherinomorpha), already reported at Pajcha Pata ( [Gayet, 1991] and [Gayet et al., 1991]) do not come from the main level but are from the area that includes this locality discussed in this paper. Consequently, they are not discussed in this present work.","terrestrial","","actively mobile","ground dwelling, solitary","","carnivore","oviparous, dispersal=direct/internal,mobile","accretion,modification of parts","","hydroxyapatite","compact or dense","",""
"147092","occ","","","12977","n. gen. Stenotholus n. sp. kohleri","species","53215","subjective synonym of","Pachycephalosaurus wyomingensis","","species","64648","Maastrichtian","","72.1","66","Giffin et al.","1988","4306","Chordata","Ornithischia","NO_ORDER_SPECIFIED","NO_FAMILY_SPECIFIED","Pachycephalosaurus","","","1","specimens","-106.227776","47.695831","MPM 7111","MPM locality 3850 (Hell Creek Formation)","","","US","Montana","McCone","stated in text","seconds","outcrop","Bug Creek 7 1/2 minute Quadrangle, NE 1/4 of section 5, Township 22N, Range 43E, approx. one mile east of Fort Peck Reservoir and 1.5 miles northwest of the Bug Creek Anthills locality. The lat long is for the Fort Peck Reservoir.","gplates","101","mid","-63.56","58.37","scotese","101","mid","-78.68","54.59","seton","101","mid","-78.30","53.11","US","FED","Hell Creek","","","bed","","","","","","","","","","Middle Hell Creek. Approx. 100 feet above Fox Hills Sandstone/Hell Creek Fm contact, somewhat beneath the middle of the 250-280 feet of Hell Creek Fm east of the Fort Peck Reservoir.","green to buff fine-grained sandstone and siltstone","sandstone","green,yellow","","","","siltstone","green,yellow","","","","""channel""","","""flat bedding and silty to sandy grain size..suggest sediments deposited lateral to a fluvial channel.""","macrofossils","","","","","","","","body","good","","","","","","","","occasional","","","","taxonomic","surface (float),field collection,survey of museum collection","","","","","","","","","terrestrial","","actively mobile","","","herbivore","oviparous, dispersal=direct/internal,mobile","accretion,modification of parts","","hydroxyapatite","compact or dense","",""
"147093","occ","","","12977","Hadrosauridae indet.","family","38755","","Hadrosauridae","","family","38755","Maastrichtian","","72.1","66","Giffin et al.","1988","4306","Chordata","Ornithischia","NO_ORDER_SPECIFIED","Hadrosauridae","","","","","","-106.227776","47.695831","","MPM locality 3850 (Hell Creek Formation)","","","US","Montana","McCone","stated in text","seconds","outcrop","Bug Creek 7 1/2 minute Quadrangle, NE 1/4 of section 5, Township 22N, Range 43E, approx. one mile east of Fort Peck Reservoir and 1.5 miles northwest of the Bug Creek Anthills locality. The lat long is for the Fort Peck Reservoir.","gplates","101","mid","-63.56","58.37","scotese","101","mid","-78.68","54.59","seton","101","mid","-78.30","53.11","US","FED","Hell Creek","","","bed","","","","","","","","","","Middle Hell Creek. Approx. 100 feet above Fox Hills Sandstone/Hell Creek Fm contact, somewhat beneath the middle of the 250-280 feet of Hell Creek Fm east of the Fort Peck Reservoir.","green to buff fine-grained sandstone and siltstone","sandstone","green,yellow","","","","siltstone","green,yellow","","","","""channel""","","""flat bedding and silty to sandy grain size..suggest sediments deposited lateral to a fluvial channel.""","macrofossils","","","","","","","","body","good","","","","","","","","occasional","","","","taxonomic","surface (float),field collection,survey of museum collection","","","","","","","","","terrestrial","","actively mobile","","","herbivore","oviparous, dispersal=direct/internal,mobile","accretion,modification of parts","","hydroxyapatite","compact or dense","",""
"148500","occ","13664","","13105","n. gen. Sonorasaurus n. sp. thompsoni","species","68170","","Sonorasaurus thompsoni","","species","68170","Late Albian","Early Cenomanian","105.3","93.5","Ratkevich","1998","14864","Chordata","Saurischia","NO_ORDER_SPECIFIED","Brachiosauridae","Sonorasaurus","","","1","individuals","-110.418053","31.811390","","""Sonorasaurus"" site, Whetstone Mountains","","","US","Arizona","Cochise","based on nearby landmark","seconds","outcrop","southwest foothills of Whetstone Mountains, SE Arizona","gplates","101","mid","-69.09","38.67","scotese","134","mid","-74.29","32.41","seton","101","mid","-72.60","32.82","US","FED","Turney Ranch","Bisbee","","bed","","","","","","","","","","","Moderately to vertically dipping, light gray sandstone and conglomerate ridges and ledges separated by slopes of more earily weathered maroon-colored shale.","sandstone","fine,coarse,gray","lithified","","Y","","red","lithified","silty","","fluvial indet.","","""fluvial siliciclastics""","macrofossils,microfossils","","","","","","","","body,trace","poor","parautochthonous","snapshot","","-single event","preferred","","","extreme","","","","taxonomic","selective quarrying,chemical,mechanical,peel or thin section,field collection","","some macrofossils","","","R. Thompson and Arizona-Sonora Desert Museum","1994-1999","discovered by ""amateur fossil collectors""","originally thought to be a hadrosaur","terrestrial","","actively mobile","ground dwelling, gregarious","","herbivore","oviparous, dispersal=direct/internal,mobile","accretion,modification of parts","","hydroxyapatite","compact or dense","thick",""
"148510","occ","34088","","13106","Vegaviidae indet.","unranked clade","361851","","Vegaviidae","","unranked clade","361851","Late Maastrichtian","","70.6","66","Agnolín et al.","2017","63548","Chordata","Aves","Anseriformes","Vegaviidae","","","","","","-56.750000","-64.283333","","Lopez de Bertodano plesiosaurs","","","AA","","","based on nearby landmark","minutes","local area","southern two thirds of Seymour Island.","gplates","803","mid","-70.67","-59.34","scotese","803","mid","-68.05","-62.67","seton","803","mid","-60.68","-62.50","AA","","Lopez de Bertodano","","","member","'molluscan units'","","","","","","","","","formation divided into 10 informal units; bottom six are <i>Rotularia</i> units lacking macrofossils; top four are molluscan units with macrofossils including vertebrates\r\nLopez de Bertodano Formation is approximately Late Maastrichtian according to Crame et al. (2004).","loosely consolidated sandy siltstones intercalated with calcareous concretions and that is all it says","siltstone","concretionary","poorly lithified","sandy","Y","""carbonate""","","lithified","","Y","marine indet.","","part of nearshore marine and coastal-deltaic series within transgressive-regressive cycle","macrofossils,mesofossils,microfossils","","","","","","","","body,concretion","","parautochthonous","","","dispersed","","","","","","","not much","taxonomic","selective quarrying,chemical,mechanical,field collection","","all microfossils,some macrofossils,difficult macrofossils","8 specimens","","","","","","terrestrial","","actively mobile","volant","","herbivore","oviparous, dispersal=direct/internal,mobile","accretion,modification of parts","","hydroxyapatite","compact or dense","",""
"148628","occ","","","13108","Mononykus olecranus","species","67288","","Mononykus olecranus","","species","67287","Maastrichtian","","72.1","66","Perle et al.","1994","4373","Chordata","Saurischia","NO_ORDER_SPECIFIED","Alvarezsauridae","Mononykus","","","1","individuals","99.599998","43.540001","","Bugin Tsav [AMNH]","","Buguin-Tzav","MN","Omnogov","","estimated from map","2","small collection","Bugin Tsav, South Gobi Aimak (= Omnogov), southwest Mongolia","gplates","628","mid","93.05","36.26","scotese","628","mid","88.27","40.85","seton","417","mid","98.38","46.57","MN","","Nemegt","","","group of beds","","","","","","","","","","age based on biostratigraphy; no absolute or correlative dating available for most Late Cretaceous Mongolian beds","variegated, predominately red sandstones","sandstone","red","","","Y","","","","","","terrestrial indet.","","no information given","macrofossils","","","","","","","","body","good","","","","","","","","","","","no details given","taxonomic","selective quarrying,mechanical,field collection","","some macrofossils","","","AMNH","1990s","","","terrestrial","","actively mobile","","","carnivore","oviparous, dispersal=direct/internal,mobile","accretion,modification of parts","","hydroxyapatite","compact or dense","",""
"148629","occ","","","13108","Tarbosaurus bataar","species","57254","","Tarbosaurus bataar","","species","63705","Maastrichtian","","72.1","66","Perle et al.","1994","4373","Chordata","Saurischia","NO_ORDER_SPECIFIED","Tyrannosauridae","Tarbosaurus","","","","","99.599998","43.540001","","Bugin Tsav [AMNH]","","Buguin-Tzav","MN","Omnogov","","estimated from map","2","small collection","Bugin Tsav, South Gobi Aimak (= Omnogov), southwest Mongolia","gplates","628","mid","93.05","36.26","scotese","628","mid","88.27","40.85","seton","417","mid","98.38","46.57","MN","","Nemegt","","","group of beds","","","","","","","","","","age based on biostratigraphy; no absolute or correlative dating available for most Late Cretaceous Mongolian beds","variegated, predominately red sandstones","sandstone","red","","","Y","","","","","","terrestrial indet.","","no information given","macrofossils","","","","","","","","body","good","","","","","","","","","","","no details given","taxonomic","selective quarrying,mechanical,field collection","","some macrofossils","","","AMNH","1990s","","","terrestrial","","actively mobile","","","carnivore","oviparous, dispersal=direct/internal,mobile","accretion,modification of parts","","hydroxyapatite","compact or dense","",""
"148633","occ","","","13110","Dinosauria indet.","unranked clade","52775","","Dinosauria","","unranked clade","52775","Cretaceous","","145","66","Selim and Said","1993","4374","Chordata","Reptilia","","","","","","2","specimens","34.806946","23.380833","","Gabal Abraq - lower Abraq Fm.","","","EG","Al Bahr al Ahmar","","based on nearby landmark","seconds","small collection","240 km SE of Aswan","gplates","715","mid","39.67","5.22","scotese","715","mid","28.50","0.75","seton","715","mid","32.99","1.79","EG","","Abraq","","","bed","","","","","","","","","","","This formation is composed mainly of greenish grey, grey to olive grey sandstone, sandy clay and clayey sand beds. These rocks are well bedded and form parallel ridges. A conglomerate bed (1.0 m) is observed in the eastern part of this section, and is composed mainly of gravels, dark grey to dark brown, pebbles, greenish grey sandstone with dark brown to dark greenish grey matrix.","sandstone","gray,green","lithified","","Y","claystone","","","sandy","","fluvial indet.","","The Abraq Formation is considered a lateral facies change of the marine Cretaceous of Wadi Garara (Garara Formation). It is a thick sequence of clastic sediments of fluvio-marine Cretaceous.","macrofossils","","","","","","","","body","poor","","","","dispersed","","","","","","","","biostratigraphic","","","","2 specimens","","","","","","terrestrial","","actively mobile","","","","","","","phosphatic","","",""
"149328","occ","","","13142","Coeluridae ? indet.","family","53001","","Coeluridae","","family","53001","Late Maastrichtian","","70.6","66","Estes et al.","1969","4381","Chordata","Saurischia","NO_ORDER_SPECIFIED","Coeluridae","","","","","","-106.099998","47.799999","","Bug Creek Anthills","","Bug Creek, BCA, OMNH V1173","US","Montana","McCone County","based on nearby landmark","1","outcrop","NW 1/4 and SW 1/4, Sec. 9, T 22 N, R 43 E. Near Fort Peck Reservoir","gplates","101","mid","-64.03","58.34","scotese","101","mid","-79.17","54.66","seton","101","mid","-78.54","53.33","US","FED","Hell Creek","","","group of beds","","","","","","","","","","upper 1/3 of formation, 80 ft below coal bed","""a cross-bedded stram channel""","sandstone","current ripples","","","Y","","","","","","coarse channel fill","","'Coastal plain deposits'","macrofossils,mesofossils","","","","","","","","body","good","","","","","","","","","","","","taxonomic","surface (float),anthill,field collection","","some macrofossils,some microfossils","","","Univ. of Minnesota","1962-1964","","mammal fauna said to be present","terrestrial","","actively mobile","","","carnivore","oviparous, dispersal=direct/internal,mobile","accretion,modification of parts","","hydroxyapatite","compact or dense","",""
"149585","occ","38195","","13209","Lithostrotia indet.","unranked clade","71974","","Lithostrotia","","unranked clade","71974","Campanian","","83.6","72.1","Gallina and Otero","2015","76304","Chordata","Saurischia","","","","","","2","specimens","-65.266670","-24.299999","PVL 3670.12","Arroyo El Morterito (PVL)","","El Ceibal, Potrero del Nogalito","AR","Salta","Candelaria","based on political unit","seconds","outcrop","5 km from El Ceibal, Candelaria department, Salta province, within the property of Don Fidel Leal and in the vicinity of (R side of) the Arroyo El Morterito. Coordinates are for El Ceibal. At the foot of the Sierra de Candelaria or Castillejo (also described as 10 km SE of El Ceibal), on the Potrero del Nogalito (Leal family ranch).","gplates","201","mid","-43.05","-26.12","scotese","202","mid","-47.35","-26.97","seton","201","mid","-43.27","-27.63","AR","","Los Blanquitos","Salta","","bed","","","","","","","","","","details of several local stratigraphic sections given for correlative purposes. Pirgua Subgroup, upper section of formation. Earlier suggestions for age included Maastrichtian, but overlying Lecho Fm is now considered ?Campanian-Early Maastrichtian.","Friable, micaceous, grayish-red sandstone with quartz pebbles furrowed with small carbonate veins. In the base of this layer the remains of the titanosaurid dinosaur described were discovered. Above the layer with bones appears a lens of thick, greenish-gray, calcareous, very hard sandstone with pebbles and gravel. The bones were covered by a ""halo"" of the same rock but of greenish or grayish color, especially visible because the normal sediment is red. Thickness 1.5 m. (translated from Spanish by M. Carrano)","sandstone","micaceous,gray,red","lithified","conglomeratic","Y","sandstone","pebbly,gray,green","lithified","calcareous","","fluvial indet.","","depositional facies in local ""sub-basins"", but overall regional character is not described in detail. ""fluvial environment of some energy.""","macrofossils","","","","","","","","body","medium","parautochthonous","","","","","","","frequent","none","","""the eroded and fractured surfaces that are present on nearly all of them must be interpreted as the result of erosive fluvial action""\r\n(Spanish translated by M. Carrano)","biostratigraphic","selective quarrying,mechanical,field collection","","","1 individuals","","F. Leal, J. Bonaparte and crew","1966–1975","","specimen probably not assignable to Antarctosaurus as originally indicated","terrestrial","","actively mobile","ground dwelling, gregarious","","herbivore","oviparous, dispersal=direct/internal,mobile","accretion,modification of parts","","hydroxyapatite","compact or dense","thick",""
"149586","occ","11815","","13210","Carnosauria indet.","infraorder","53943","","Carnosauria","","infraorder","53943","Late Maastrichtian","","70.6","66","Bonaparte et al.","1977","55175","Chordata","Saurischia","Avetheropoda","","","","","1","specimens","-65.266670","-24.299999","","Aguas Calientes, Arroyo el Morterito","","El Ceibal","AR","Salta","Candelaria","based on political unit","seconds","local area","El Ceibal, Candelaria department, Salta province, within the property of Don Fidel Leal and in the vicinity of the Arroyo El Morterito, but 5 km further north than the latter. Coordinates are for El Ceibal.","gplates","201","mid","-48.46","-25.32","scotese","202","mid","-52.39","-26.79","seton","201","mid","-48.51","-27.03","AR","","Yacoraite","Salta","","bed","","","","","","","","","","detailed stratigraphic sections described for correlative purposes","3) Reddish-brown, medium to fine sandstones, thick in the upper part and slightly conglomeratic. The calcareous cementation is only evident in the upper sector, whereas the rest is friable. In the lower third, of pink color, some small yellowish banks with gastropod remains are intercalated. It is possible to find bony remains in this entire assembly. Irregular chocolate-colored lenses of muddy-clayey texture are also intercalated. Total thickness: 12.5 m.\r\n(Translated from Spanish by M. Carrano)","sandstone","brown,red,yellow","lithified","conglomeratic,calcareous","Y","mudstone","brown","","","","terrestrial indet.","","depositional facies in local ""sub-basins"", but regional geologic setting not described.","macrofossils","","","","","","","","body","poor","","","","dispersed","","","","","","","","biostratigraphic","field collection","","","2 individuals","","","1975","","","terrestrial","","actively mobile","","","carnivore","oviparous, dispersal=direct/internal,mobile","accretion,modification of parts","","hydroxyapatite","compact or dense","",""
"149592","occ","","","13212","n. gen. Creosaurus n. sp. atrox","species","52970","subjective synonym of","Allosaurus fragilis","","species","52962","Kimmeridgian","Tithonian","157.3","145","Marsh","1878","7813","Chordata","Saurischia","Avetheropoda","NO_FAMILY_SPECIFIED","Allosaurus","","","2","individuals","-106.041000","41.893101","YPM 1890","Quarry 1, Como Bluff (YPM)","","WY-21","US","Wyoming","Albany","stated in text","4","small collection","SW 1/4 of SW 1/4 of sec. 10, T22N, R77W, Como Bluff, Albany Co., WY","gplates","101","mid","-40.48","28.58","scotese","101","mid","-53.31","37.85","seton","101","mid","-42.36","31.82","US","","Morrison","","","bed","","","","","","","","","","referred to in paper as ""Atlantosaurus Beds"" and ""Como Beds""; upper middle part of formation","","claystone","","","","Y","","","","","","wet floodplain","","poorly drained floodplain","macrofossils,mesofossils","","","","","","","","body","good","","","","","","","","occasional","","","","general faunal/floral","selective quarrying,mechanical,field collection","YPM","","","","W. Reed, W. Carlin, & S. Williston","1877–1878, 1887","","","terrestrial","","actively mobile","","","carnivore","oviparous, dispersal=direct/internal,mobile","accretion,modification of parts","","hydroxyapatite","compact or dense","",""
"149596","occ","","","13214","Creosaurus atrox","species","52970","subjective synonym of","Allosaurus fragilis","","species","52962","Kimmeridgian","Tithonian","157.3","145","Williston","1901","4387","Chordata","Saurischia","Avetheropoda","NO_FAMILY_SPECIFIED","Allosaurus","","","1","individuals","-106.389999","42.035831","","Freeze Out Mtns. Kansas Univ. Expedition","","Freezeout Hills Quarry","US","Wyoming","Converse","based on nearby landmark","seconds","outcrop","unspecified locality in the Freeze Out Mountains, Converse Co.","gplates","101","mid","-40.71","28.79","scotese","101","mid","-53.60","38.04","seton","101","mid","-42.56","32.06","US","FED","Morrison","","","group of beds","","","","","","","","","","referred to in text as ""Atlantosaurus Beds"" and ""Como Beds"", and as Lower Cretaceous","","not reported","","","","","","","","","","terrestrial indet.","","","macrofossils","","","","","","","","body","","","","","","","","","","","","","taxonomic","field collection","","","","","","","","","terrestrial","","actively mobile","","","carnivore","oviparous, dispersal=direct/internal,mobile","accretion,modification of parts","","hydroxyapatite","compact or dense","",""
"149597","occ","","","13214","Allosaurus fragilis","species","52962","","Allosaurus fragilis","","species","52962","Kimmeridgian","Tithonian","157.3","145","Williston","1901","4387","Chordata","Saurischia","Avetheropoda","NO_FAMILY_SPECIFIED","Allosaurus","","","","","-106.389999","42.035831","","Freeze Out Mtns. Kansas Univ. Expedition","","Freezeout Hills Quarry","US","Wyoming","Converse","based on nearby landmark","seconds","outcrop","unspecified locality in the Freeze Out Mountains, Converse Co.","gplates","101","mid","-40.71","28.79","scotese","101","mid","-53.60","38.04","seton","101","mid","-42.56","32.06","US","FED","Morrison","","","group of beds","","","","","","","","","","referred to in text as ""Atlantosaurus Beds"" and ""Como Beds"", and as Lower Cretaceous","","not reported","","","","","","","","","","terrestrial indet.","","","macrofossils","","","","","","","","body","","","","","","","","","","","","","taxonomic","field collection","","","","","","","","","terrestrial","","actively mobile","","","carnivore","oviparous, dispersal=direct/internal,mobile","accretion,modification of parts","","hydroxyapatite","compact or dense","",""
